Workbook

Sheet Dashboard
A1: AERS TRANSFORM v2.0 | 16-WEEK MASTER CONTROL
A2: Current regenerated content, developer handover and launch-readiness view | As of 17 September 2026
A4: Programme KPI | B4: Current value | D4: Control Gate | E4: Owner | F4: Status
A5: Programme weeks | B5: =COUNTA('16-Week Map'!A5:A20) -> 16 | D5: Weeks 1–2 source alignment | E5: Programme Owner | F5: Open
A6: Capability modules | B6: =COUNTIF('Deliverable Register'!B5:B14,"Module Master") -> 6 | D6: Modules 1–6 file lock | E6: Content Owner | F6: Passed
A7: Regenerated module masters | B7: =COUNTIF('Deliverable Register'!B5:B14,"Module Master") -> 6 | D7: Week 15 demonstration pack | E7: Assessment Lead | F7: Passed
A8: Final-stage packs | B8: =COUNTIF('Deliverable Register'!B5:B14,"Final Stage") -> 2 | D8: Week 16 closure pack | E8: Programme Owner | F8: Passed
A9: Current controlled files | B9: =COUNTA('Deliverable Register'!A5:A14) -> 10 | D9: Developer ingestion mapping | E9: Product / Developer | F9: Open
A10: Weeks cleared as current | B10: =COUNTIF('16-Week Map'!L5:L20,"Current and Verified") -> 14 | D10: Platform workflow UAT | E10: QA Lead | F10: Open
A11: Weeks needing alignment review | B11: =COUNTIF('16-Week Map'!L5:L20,"Alignment Review") -> 2 | D11: ERI method approval | E11: Authorised AERS Reviewer | F11: Open
A12: Overall content-control status | B12: =IF(B11=0,"Current and Verified","Ready with Weeks 1–2 alignment review") -> Ready with Weeks 1–2 alignment review | D12: Passport release UAT | E12: Programme Owner / QA | F12: Open
A15: GO / NO-GO PRINCIPLE
A16: Content regeneration is complete for Modules 1–6 and Weeks 15–16. The programme must not be declared platform-launch ready until Weeks 1–2 are aligned, every file is ingested and QA-tested, human-review permissions work, and the ERI/Passport approval rules are formally authorised.

Sheet 16-Week Map
A1: AERS TRANSFORM v2.0 | APPROVED 16-WEEK IMPLEMENTATION MAP
A2: Weeks 1–2 assess and personalise | Weeks 3–14 six sequential modules | Week 15 demonstrate | Week 16 decide and progress
A4: Week | B4: Phase / Module | C4: Weekly focus | D4: Platform learning | E4: Guided session | F4: Mandatory evidence / output | G4: Quiz gate | H4: Human-review gate | I4: Progression decision | J4: Primary controlled file | K4: Developer action | L4: File control status
A5: 1 | B5: Assess and Personalise | C5: Orientation, profile, consent and baseline assessment | D5: Onboarding, responsible use and baseline instruments | E5: Orientation and platform walkthrough | F5: Consent, learner profile and baseline record | G5: As applicable | H5: Human check for consent, completeness and exceptions | I5: Baseline completed or action required | J5: Existing Week 1 pack to reconcile | K5: Configure onboarding, consent, roles and baseline workflow | L5: Alignment Review
A6: 2 | B6: Assess and Personalise | C6: Baseline interpretation and personalised pathway | D6: Results explanation, self-awareness and priority selection | E6: Results and goal-setting session | F6: Approved personalised pathway and priority record | G6: As applicable | H6: Human approval of pathway and exceptions | I6: Pathway approved or action required | J6: Existing Week 2 pack to reconcile | K6: Configure pathway, priorities and learner acknowledgement | L6: Alignment Review
A7: 3 | B7: Module 1 Career Clarity | C7: Career Clarity I | D7: Lessons 1–2, notes, quiz and practice | E7: 60-minute exploration and mapping session | F7: Career research, interest and strength evidence | G7: 60% | H7: Each compulsory evidence item 6/10 | I7: Module active | J7: AERS_Transform_Module_1_Career_Clarity_Content_Master_v2.0.docx | K7: Release Module 1 learning, quiz, evidence and review workflow | L7: Current and Verified
A8: 4 | B8: Module 1 Career Clarity | C8: Career Clarity II and module closure | D8: Lessons 3–4, action planning and evidence revision | E8: 60-minute evidence review and closure session | F8: Verified Career Direction Plan and portfolio | G8: 60% | H8: Each compulsory evidence item 6/10; revisions complete | I8: Verified / conditional action / intervention | J8: AERS_Transform_Module_1_Career_Clarity_Content_Master_v2.0.docx | K8: Apply module-close decision and unlock rules | L8: Current and Verified
A9: 5 | B9: Module 2 Resume Readiness | C9: Résumé Readiness I | D9: Lessons 1–2, evidence inventory and résumé draft | E9: 60-minute résumé workshop | F9: Résumé Version 1 and claim-to-evidence map | G9: 60% | H9: Each compulsory evidence item 6/10 | I9: Module active | J9: AERS_Transform_Module_2_Resume_Readiness_Content_Master_v2.0.docx | K9: Release Module 2 after Module 1 close | L9: Current and Verified
A10: 6 | B10: Module 2 Resume Readiness | C10: Résumé Readiness II and module closure | D10: Lessons 3–4, profile and revision | E10: 60-minute review and correction clinic | F10: Verified Résumé Portfolio Version 2 | G10: 60% | H10: Each compulsory evidence item 6/10; revisions complete | I10: Verified / conditional action / intervention | J10: AERS_Transform_Module_2_Resume_Readiness_Content_Master_v2.0.docx | K10: Store versions and verified résumé status | L10: Current and Verified
A11: 7 | B11: Module 3 Communication | C11: Communication Readiness I | D11: Lessons 1–2, introduction, speaking and listening | E11: 60-minute speaking and listening session | F11: Introduction recording and workplace response | G11: 60% | H11: Each compulsory evidence item 6/10 | I11: Module active | J11: AERS_Transform_Module_3_Communication_Readiness_Content_Master_v2.0.docx | K11: Enable recording, evidence and rubric workflow | L11: Current and Verified
A12: 8 | B12: Module 3 Communication | C12: Communication Readiness II and module closure | D12: Lessons 3–4, channels, discussion and presentation | E12: 60-minute presentation and evidence review | F12: Verified Communication Evidence Portfolio Version 2 | G12: 60% | H12: Each compulsory evidence item 6/10; revisions complete | I12: Verified / conditional action / intervention | J12: AERS_Transform_Module_3_Communication_Readiness_Content_Master_v2.0.docx | K12: Close module and preserve reviewed evidence | L12: Current and Verified
A13: 9 | B13: Module 4 Aptitude | C13: Aptitude Readiness I | D13: Diagnostic, methods and practice | E13: 60-minute diagnostic and error-review session | F13: Diagnostic record, worked methods and error log | G13: 60% | H13: Each compulsory evidence item 6/10 | I13: Module active | J13: AERS_Transform_Module_4_Aptitude_Readiness_Content_Master_v2.0.docx | K13: Configure timed work, attempts and evidence | L13: Current and Verified
A14: 10 | B14: Module 4 Aptitude | C14: Aptitude Readiness II and module closure | D14: Practice, reasoning and improvement verification | E14: 60-minute problem-solving review | F14: Verified Aptitude Evidence Portfolio Version 2 | G14: 60% | H14: Each compulsory evidence item 6/10; revisions complete | I14: Verified / conditional action / intervention | J14: AERS_Transform_Module_4_Aptitude_Readiness_Content_Master_v2.0.docx | K14: Store attempt history and human verification | L14: Current and Verified
A15: 11 | B15: Module 5 Workplace Readiness | C15: Workplace Readiness I | D15: Professional behaviour, communication and scenarios | E15: 60-minute scenario-practice session | F15: Professional email or scenario-response evidence | G15: 60% | H15: Each compulsory evidence item 6/10 | I15: Module active | J15: AERS_Transform_Module_5_Workplace_Readiness_Content_Master_v2.0.docx | K15: Enable scenario submission and review | L15: Current and Verified
A16: 12 | B16: Module 5 Workplace Readiness | C16: Workplace Readiness II and module closure | D16: Teamwork, ownership, judgement and action planning | E16: 60-minute evidence review and closure | F16: Verified Workplace Readiness Portfolio Version 2 | G16: 60% | H16: Each compulsory evidence item 6/10; revisions complete | I16: Verified / conditional action / intervention | J16: AERS_Transform_Module_5_Workplace_Readiness_Content_Master_v2.0.docx | K16: Apply human close decision and audit trail | L16: Current and Verified
... A20: 16 | B20: Decide and Progress | C20: Final ERI, Passport and progression | D20: ERI interpretation, Passport validation and portfolio closure | E20: Final evidence conference and planning | F20: Approved ERI Profile, Passport, portfolio and 30/60/90-day plan | G20: Not applicable | H20: Authorised reviewer approval mandatory | I20: Completed / continuing development / conditional / hold | J20: AERS_Transform_Week_16_Final_ERI_Employability_Passport_and_Progression_Plan_Pack_v2.0.docx | K20: Generate draft only; human approval before Passport release | L20: Current and Verified

Sheet Deliverable Register
A1: AERS TRANSFORM v2.0 | CONTROLLED DELIVERABLE REGISTER
A2: One current source per deliverable | Older versions remain archive-only and must not be published
A4: ID | B4: Category | C4: Weeks | D4: Deliverable | E4: Current filename | F4: Content scope | G4: Control status | H4: Owner | I4: Developer use | J4: Next action
A5: D01 | B5: Foundation | C5: 1 | D5: Week 1 onboarding, consent and baseline pack | E5: Existing source to identify and align | F5: Onboarding, consent, learner profile and baseline | G5: Alignment Review | H5: Programme Owner | I5: Onboarding and baseline configuration | J5: Confirm current source and issue v2.0
A6: D02 | B6: Foundation | C6: 2 | D6: Week 2 results and personalised pathway pack | E6: Existing source to identify and align | F6: Baseline interpretation, priorities and pathway approval | G6: Alignment Review | H6: Programme Owner | I6: Personalisation and pathway configuration | J6: Confirm current source and issue v2.0
A7: D03 | B7: Module Master | C7: 3–4 | D7: Module 1 Career Clarity | E7: AERS_Transform_Module_1_Career_Clarity_Content_Master_v2.0.docx | F7: Bilingual scripts, notes, quizzes, activities, evidence, review and plan | G7: Regenerated and Verified | H7: Content Owner | I7: Content ingestion and module gate | J7: Lock checksum and map content objects
A8: D04 | B8: Module Master | C8: 5–6 | D8: Module 2 Résumé Readiness | E8: AERS_Transform_Module_2_Resume_Readiness_Content_Master_v2.0.docx | F8: Bilingual scripts, notes, quizzes, résumé evidence and review | G8: Regenerated and Verified | H8: Content Owner | I8: Content ingestion and module gate | J8: Lock checksum and map content objects
A9: D05 | B9: Module Master | C9: 7–8 | D9: Module 3 Communication Readiness | E9: AERS_Transform_Module_3_Communication_Readiness_Content_Master_v2.0.docx | F9: Bilingual scripts, notes, quizzes, recordings, activities and review | G9: Regenerated and Verified | H9: Content Owner | I9: Content ingestion and media/evidence workflow | J9: Lock checksum and map content objects
A10: D06 | B10: Module Master | C10: 9–10 | D10: Module 4 Aptitude Readiness | E10: AERS_Transform_Module_4_Aptitude_Readiness_Content_Master_v2.0.docx | F10: Bilingual learning, quizzes, practice, evidence and human review | G10: Regenerated and Verified | H10: Assessment Lead | I10: Assessment, attempt and evidence workflow | J10: Lock checksum and map content objects
A11: D07 | B11: Module Master | C11: 11–12 | D11: Module 5 Workplace Readiness | E11: AERS_Transform_Module_5_Workplace_Readiness_Content_Master_v2.0.docx | F11: Bilingual learning, scenarios, evidence, review and action plan | G11: Regenerated and Verified | H11: Content Owner | I11: Scenario and human-review workflow | J11: Lock checksum and map content objects
A12: D08 | B12: Module Master | C12: 13–14 | D12: Module 6 Interview Readiness | E12: AERS_Transform_Module_6_Interview_Readiness_Content_Master_v2.0.docx | F12: Four bilingual lessons, 40 quiz questions, evidence and mock interview | G12: Regenerated and Verified | H12: Assessment Lead | I12: Recording, mock interview and correction workflow | J12: Lock checksum and map content objects
A13: D09 | B13: Final Stage | C13: 15 | D13: Final Demonstration and Reassessment | E13: AERS_Transform_Week_15_Final_Demonstration_and_Reassessment_Pack_v2.0.docx | F13: Six-module consolidation, panel, simulation, reflection and reassessment | G13: Regenerated and Verified | H13: Assessment Lead | I13: Eligibility, panel, moderation and handover | J13: Configure controlled workflow and UAT
A14: D10 | B14: Final Stage | C14: 16 | D14: Final ERI Passport and Progression | E14: AERS_Transform_Week_16_Final_ERI_Employability_Passport_and_Progression_Plan_Pack_v2.0.docx | F14: Seven-domain ERI, Passport, portfolio, conference and progression plan | G14: Regenerated and Verified | H14: Programme Owner | I14: Draft generation, approval and release | J14: Approve ERI method and complete release UAT

Sheet Developer Matrix
A1: AERS TRANSFORM v2.0 | DEVELOPER INGESTION AND ACCEPTANCE MATRIX
A2: The system supports delivery and evidence flow; authorised humans retain assessment, ERI and Passport authority
A4: Workflow | B4: Required platform behaviour | C4: Learner action | D4: Human action | E4: System output | F4: Hard control | G4: UAT evidence | H4: Owner | I4: Status
A5: Onboarding and consent | B5: Role-based onboarding, consent versioning and cohort isolation | C5: Activate account and consent | D5: Resolve exceptions | E5: Timestamped profile and consent | F5: No participation without required consent | G5: Valid and exception journeys | H5: Product / QA | I5: Open
A6: Baseline and pathway | B6: Deliver approved assessment and show interpretable results | C6: Complete baseline and confirm goals | D6: Approve pathway and support | E6: Baseline profile and personalised journey | F6: No unsupported automated readiness decision | G6: Assessment and pathway UAT | H6: Assessment Lead | I6: Open
A7: Sequential module release | B7: Unlock only the approved next module | C7: Complete current module | D7: Approve close or intervention | E7: Next-action state | F7: No bypass of module gate | G7: All gate branches tested | H7: Product Owner | I7: Open
A8: Learning and quiz | B8: Track video/note access, quiz score and attempts | C8: Learn and attempt quiz | D8: Support where required | E8: Completion and score | F8: Quiz pass is 60%; quiz alone never verifies capability | G8: Pass, fail and retry cases | H8: Developer / QA | I8: Open
A9: Evidence submission | B9: Store file, version, timestamp, declaration and metadata | C9: Submit authentic evidence | D9: Check completeness | E9: Versioned submission | F9: No overwriting prior versions | G9: Upload and version-history UAT | H9: Developer / QA | I9: Open
A10: Human rubric review | B10: Present approved rubric and evidence context | C10: View feedback | D10: Score, comment and decide | E10: Auditable human decision | F10: Every compulsory evidence item minimum 6/10; holds can override score | G10: Review, revision and hold cases | H10: Assessment Lead | I10: Open
A11: Revision and resubmission | B11: Return specific feedback and link resubmission | C11: Correct and resubmit | D11: Re-review and verify | E11: Linked evidence versions | F11: Original record retained | G11: Multi-version UAT | H11: Developer / QA | I11: Open
A12: Guided sessions | B12: Schedule, record attendance and link outputs | C12: Attend and practise | D12: Facilitate and record observations | E12: Session record | F12: One 60-minute session weekly from Week 3 | G12: Session and absence cases | H12: Facilitator Lead | I12: Open
A13: Week 15 demonstration | B13: Manage eligibility, panel, independent scores and moderation | C13: Complete final demonstration | D13: Panel assesses and reviewer moderates | E13: Final readiness evidence | F13: Comparable reassessment only when authorised | G13: Panel and reassessment UAT | H13: Assessment Lead | I13: Open
A14: ERI profile | B14: Calculate/display only approved versioned method | C14: Review profile | D14: Interpret, moderate and approve | E14: Draft or approved ERI profile | F14: No invented or unapproved numeric ERI | G14: Method-version and approval UAT | H14: Programme Owner | I14: Open
A15: Employability Passport | B15: Generate draft from approved claims and evidence | C15: Validate identity and sharing | D15: Approve correction and release | E15: Versioned Passport | F15: No automatic issuance | G15: Draft, correction, withhold and release UAT | H15: Programme Owner / QA | I15: Open
A16: Audit and security | B16: Preserve decisions, access, versions and change history | C16: Access own records only | D16: Access authorised cohorts and decisions | E16: Audit trail and alerts | F16: Institution/cohort isolation and least privilege | G16: Permission and audit tests | H16: Technical Lead | I16: Open

Sheet Controls
A1: AERS TRANSFORM v2.0 | APPROVED CONTROL VALUES
A2: Use these values for content configuration, reviewer workflow and UAT; changes require controlled approval
A4: Control ID | B4: Area | C4: Approved rule | D4: System implementation | E4: Authority | F4: Change status
A5: C01 | B5: Quiz | C5: Pass at 60% or above; approved attempt rules; no negative marking unless separately approved | D5: Calculate and display; retain attempts | E5: Programme / Assessment Owner | F5: Locked
A6: C02 | B6: Human evidence | C6: Each compulsory human-reviewed evidence item must score at least 6/10 | D6: Block module close until decision and required correction | E6: Authorised reviewer | F6: Locked
A7: C03 | B7: Module gate | C7: No separate 7/10 module gate | D7: Do not configure an additional aggregate gate | E7: Programme Owner | F7: Locked
A8: C04 | B8: Completion | C8: All compulsory evidence verified, revisions complete and feedback acknowledged | D8: Gate next module on all conditions | E8: Authorised reviewer | F8: Locked
A9: C05 | B9: Guided session | C9: One 60-minute guided session weekly from Week 3 | D9: Schedule, attendance, outputs and notes | E9: Facilitator Lead | F9: Locked
A10: C06 | B10: Responsible AI | C10: Material assistance declared; no fabrication, impersonation or undisclosed live answers | D10: Declaration, reviewer flag and audit record | E10: Assessment Lead | F10: Locked
A11: C07 | B11: Decision statuses | C11: Submitted, Under Review, Verified, Verified with Revision, Evidence Pending, Rejected, Hold or Escalation | D11: Controlled state machine with reason and timestamp | E11: Programme Owner | F11: Locked
A12: C08 | B12: Public Passport labels | C12: Verified, Developing, Evidence Pending | D12: Only approved claims and public labels exposed | E12: Authorised AERS reviewer | F12: Locked
A13: C09 | B13: ERI | C13: Numeric value only with an approved, versioned method | D13: Keep draft hidden until human approval | E13: Programme Owner / Moderator | F13: Governance Approval
A14: C10 | B14: Passport | C14: Human approval required before issuance or external sharing | D14: Draft, validate, correct, approve, release and revoke/version | E14: Authorised AERS reviewer | F14: Locked
A15: C11 | B15: Privacy | C15: Role, institution and cohort access isolation; consent and sharing scope retained | D15: Least privilege, audit, secure links and retention controls | E15: Data / Programme Owner | F15: Governance Approval
A16: C12 | B16: Programme claim | C16: No degree, licence, job offer or employment guarantee | D16: Display approved disclaimer in final outputs | E16: Programme Owner | F16: Locked

Sheet Audit
A1: AERS TRANSFORM v2.0 | MASTER INDEX AUDIT
A2: Terminal checks only | Resolve failures before developer handover or publication
A4: Check | B4: Expected | C4: Actual | D4: Result | E4: Owner | F4: Action
A5: 16 programme weeks | B5: 16 | C5: =COUNTA('16-Week Map'!A5:A20) -> 16 | D5: =IF(B5=C5,"PASS","CHECK") -> PASS | E5: Programme Owner
A6: Six controlled module masters | B6: 6 | C6: =COUNTIF('Deliverable Register'!B5:B14,"Module Master") -> 6 | D6: =IF(B6=C6,"PASS","CHECK") -> PASS | E6: Programme Owner
A7: Current and verified weeks | B7: 14 | C7: =COUNTIF('16-Week Map'!L5:L20,"Current and Verified") -> 14 | D7: =IF(B7=C7,"PASS","CHECK") -> PASS | E7: Content Owner
A8: Alignment review weeks | B8: 2 | C8: =COUNTIF('16-Week Map'!L5:L20,"Alignment Review") -> 2 | D8: =IF(B8=C8,"PASS","CHECK") -> PASS | E8: Programme Owner | F8: Issue or align Weeks 1–2 v2.0
A9: Controlled deliverables | B9: 10 | C9: =COUNTA('Deliverable Register'!A5:A14) -> 10 | D9: =IF(B9=C9,"PASS","CHECK") -> PASS | E9: Content Owner
A10: Regenerated and verified deliverables | B10: 8 | C10: =COUNTIF('Deliverable Register'!G5:G14,"Regenerated and Verified") -> 8 | D10: =IF(B10=C10,"PASS","CHECK") -> PASS | E10: Content Owner
A11: Developer workflows | B11: 12 | C11: =COUNTA('Developer Matrix'!A5:A16) -> 12 | D11: =IF(B11=C11,"PASS","CHECK") -> PASS | E11: Product Owner
A12: Approved controls | B12: 12 | C12: =COUNTA(Controls!A5:A16) -> 12 | D12: =IF(B12=C12,"PASS","CHECK") -> PASS | E12: Programme Owner
